AMC,AMC Entertainment Holdings Inc
ATVI,Activision Blizzard Inc
AMD,Advanced Micro Devices Inc
ADBE,Adobe Inc.
ALGN,Align Technology Inc
ALXN,Alexion Pharmaceuticals Inc
AMZN,Amazon.com Inc
AMGN,Amgen Inc
AEP,American Electric Power Company Inc
ADI,Analog Devices Inc
ANSS,ANSYS Inc
AAPL,Apple Inc
AMAT,Applied Materials Inc
ASML,ASML Holding NV
TEAM,Atlassian Corporation PLC
ADSK,Autodesk Inc
ADP,Automatic Data Processing Inc
AVGO,Broadcom Inc
BIDU,Baidu Inc
BIIB,Biogen Inc
BMRN,Biomarin Pharmaceutical Inc
BKNG,Booking Holdings Inc
CDNS,Cadence Design Systems Inc
CDW,CDW Corp
CERN,Cerner Corp
CHKP,Check Point Software Technologies Ltd
CHTR,Charter Communications Inc
CPRT,Copart Inc
CTAS,Cintas Corp
CSCO,Cisco Systems Inc
CMCSA,Comcast Corp
COST,Costco Wholesale Corp
CSX,CSX Corp
CTSH,Cognizant Technology Solutions Corp
DOCU,DocuSign Inc
DXCM,DexCom Inc
DLTR,Dollar Tree Inc
EA,Electronic Arts
EBAY,eBay Inc
EXC,Exelon Corp
FAST,Fastenal Co
FB,Facebook
FISV,Fiserv Inc
FOX,Fox Corp. Class B
FOXA,Fox Corp. Class A
GME,Gamestop Corporation
GILD,Gilead Sciences Inc
GOOG,Alphabet Class C
GOOGL,Alphabet Class A
ILMN,Illumina Inc
INCY,Incyte Corp
INTC,Intel Corp
INTU,Intuit Inc
ISRG,Intuitive Surgical Inc
MRVL,Marvell Technology Group Ltd
IDXX,IDEXX Laboratories Inc
JD,JD.Com Inc
KDP,Keurig Dr Pepper Inc
KLAC,KLA Corp
KHC,Kraft Heinz Co
LRCX,Lam Research Corp
LULU,Lululemon Athletica Inc
MELI,Mercadolibre Inc
MAR,Marriott International Inc
MTCH,Match Group Inc
MCHP,Microchip Technology Inc
MDLZ,Mondelez International Inc
MRNA,Moderna Inc
MNST,Monster Beverage Corp
MSFT,Microsoft Corp
MU,Micron Technology Inc
MXIM,Maxim Integrated Products Inc
NFLX,Netflix Inc
NTES,NetEase Inc
NVDA,NVIDIA Corp
NXPI,NXP Semiconductors NV
OKTA,Okta Inc
ORLY,Oâ€™Reilly Automotive Inc
PAYX,Paychex Inc
PCAR,Paccar Inc
PDD,Pinduoduo Inc
PTON,Peloton Interactive Inc
PYPL,PayPal Holdings Inc
PEP,PepsiCo Inc.
QCOM,Qualcomm Inc
REGN,Regeneron Pharmaceuticals Inc
ROST,Ross Stores Inc
SIRI,Sirius XM Holdings Inc
SGEN,Seagen Inc
SPLK,Splunk Inc
SWKS,Skyworks Solutions Inc
SBUX,Starbucks Corp
SNPS,Synopsys Inc
TCOM,Trip.com Group Ltd
TXN,Texas Instruments Inc
TMUS,T-Mobile US Inc
VRSN,Verisign Inc
VRSK,Verisk Analytics Inc
VRTX,Vertex Pharmaceuticals Inc
WBA,Walgreens Boots Alliance Inc
WDAY,Workday Inc
XEL,Xcel Energy Inc
XLNX,Xilinx Inc
ZM,Zoom Video Communications Inc
MMM,3M Company
AOS,A.O. Smith Corp
ABT,Abbott Laboratories
ABBV,AbbVie Inc.
ACN,Accenture plc
AYI,Acuity Brands Inc
AAP,Advance Auto Parts
AES,AES Corp
AET,Aetna Inc
AMG,Affiliated Managers Group Inc
AFL,AFLAC Inc
A,Agilent Technologies Inc
APD,Air Products & Chemicals Inc
AKAM,Akamai Technologies Inc
ALK,Alaska Air Group Inc
ALB,Albemarle Corp
ARE,Alexandria Real Estate Equities Inc
ALLE,Allegion
AGN,"Allergan, Plc"
ADS,Alliance Data Systems
LNT,Alliant Energy Corp
ALL,Allstate Corp
MO,Altria Group Inc
AEE,Ameren Corp
AAL,American Airlines Group
AXP,American Express Co
AIG,"American International Group, Inc."
AMT,American Tower Corp A
AWK,American Water Works Company Inc
AMP,Ameriprise Financial
ABC,AmerisourceBergen Corp
AME,AMETEK Inc
APH,Amphenol Corp
APC,Anadarko Petroleum Corp
ANDV,Andeavor
ANTM,Anthem Inc.
AON,Aon plc
APA,Apache Corporation
AIV,Apartment Investment & Management
APTV,Aptiv Plc
ADM,Archer-Daniels-Midland Co
ARNC,Arconic Inc
AJG,Arthur J. Gallagher & Co.
AIZ,Assurant Inc
T,AT&T Inc
AZO,AutoZone Inc
AVB,"AvalonBay Communities, Inc."
AVY,Avery Dennison Corp
BHGE,"Baker Hughes, a GE Company"
BLL,Ball Corp
BAC,Bank of America Corp
BAX,Baxter International Inc.
BBT,BB&T Corporation
BDX,Becton Dickinson
BRK.B,Berkshire Hathaway
BBY,Best Buy Co. Inc.
BLK,BlackRock
HRB,Block H&R
BA,Boeing Company
BWA,BorgWarner
BXP,Boston Properties
BSX,Boston Scientific
BHF,Brighthouse Financial Inc
BMY,Bristol-Myers Squibb
BF.B,Brown-Forman Corp.
CHRW,C. H. Robinson Worldwide
CA,"CA, Inc."
COG,Cabot Oil & Gas
CPB,Campbell Soup
COF,Capital One Financial
CAH,Cardinal Health Inc.
KMX,Carmax Inc
CCL,Carnival Corp.
CAT,Caterpillar Inc.
CBOE,CBOE Holdings
CBG,CBRE Group
CBS,CBS Corp.
CELG,Celgene Corp.
CNC,Centene Corporation
CNP,CenterPoint Energy
CTL,CenturyLink Inc
CF,CF Industries Holdings Inc
SCHW,Charles Schwab Corporation
CHK,Chesapeake Energy
CVX,Chevron Corp.
CMG,Chipotle Mexican Grill
CB,Chubb Limited
CHD,Church & Dwight
CI,CIGNA Corp.
XEC,Cimarex Energy
CINF,Cincinnati Financial
C,Citigroup Inc.
CFG,Citizens Financial Group
CTXS,Citrix Systems
CME,CME Group Inc.
CMS,CMS Energy
KO,Coca-Cola Company (The)
CL,Colgate-Palmolive
CMA,Comerica Inc.
CAG,Conagra Brands
CXO,Concho Resources
COP,ConocoPhillips
ED,Consolidated Edison
STZ,Constellation Brands
GLW,Corning Inc.
COTY,"Coty, Inc"
CCI,Crown Castle International Corp.
CSRA,CSRA Inc.
CMI,Cummins Inc.
CVS,CVS Health
DHI,D. R. Horton
DHR,Danaher Corp.
DRI,Darden Restaurants
DVA,DaVita Inc.
DE,Deere & Co.
DAL,Delta Air Lines Inc.
XRAY,Dentsply Sirona
DVN,Devon Energy Corp.
DLR,Digital Realty Trust Inc
DFS,Discover Financial Services
DISCA,Discovery Communications-A
DISCK,Discovery Communications-C
DISH,Dish Network
DG,Dollar General
D,Dominion Energy
DOV,Dover Corp.
DWDP,DowDuPont
DPS,Dr Pepper Snapple Group
DTE,DTE Energy Co.
DUK,Duke Energy
DRE,Duke Realty Corp
DXC,DXC Technology
ETFC,E*Trade
EMN,Eastman Chemical
ETN,Eaton Corporation
ECL,Ecolab Inc.
EIX,Edison Int'l
EW,Edwards Lifesciences
EMR,Emerson Electric Company
ETR,Entergy Corp.
EVHC,Envision Healthcare
EOG,EOG Resources
EQT,EQT Corporation
EFX,Equifax Inc.
EQIX,Equinix
EQR,Equity Residential
ESS,"Essex Property Trust, Inc."
EL,Estee Lauder Cos.
RE,Everest Re Group Ltd.
ES,Eversource Energy
EXPE,Expedia Inc.
EXPD,Expeditors International
ESRX,Express Scripts
EXR,Extra Space Storage
XOM,Exxon Mobil Corp.
FFIV,F5 Networks
FRT,Federal Realty Investment Trust
FDX,FedEx Corporation
FIS,Fidelity National Information Services
FITB,Fifth Third Bancorp
FE,FirstEnergy Corp
FLIR,FLIR Systems
FLS,Flowserve Corporation
FLR,Fluor Corp.
FMC,FMC Corporation
FL,Foot Locker Inc
F,Ford Motor
FTV,Fortive Corp
FBHS,Fortune Brands Home & Security
BEN,Franklin Resources
FCX,Freeport-McMoRan Inc.
GPS,Gap Inc.
GRMN,Garmin Ltd.
IT,Gartner Inc
GD,General Dynamics
GE,General Electric
GGP,General Growth Properties Inc.
GIS,General Mills
GM,General Motors
GPC,Genuine Parts
GPN,Global Payments Inc.
GS,Goldman Sachs Group
GT,Goodyear Tire & Rubber
GWW,Grainger (W.W.) Inc.
HAL,Halliburton Co.
HBI,Hanesbrands Inc
HOG,Harley-Davidson
HRS,Harris Corporation
HIG,Hartford Financial Svc.Gp.
HAS,Hasbro Inc.
HCA,HCA Holdings
HCP,HCP Inc.
HP,Helmerich & Payne
HSIC,Henry Schein
HES,Hess Corporation
HPE,Hewlett Packard Enterprise
HLT,Hilton Worldwide Holdings Inc
HOLX,Hologic
HD,Home Depot
HON,Honeywell Int'l Inc.
HRL,Hormel Foods Corp.
HST,Host Hotels & Resorts
HPQ,HP Inc.
HUM,Humana Inc.
HBAN,Huntington Bancshares
HII,Huntington Ingalls Industries
INFO,IHS Markit Ltd.
ITW,Illinois Tool Works
IR,Ingersoll-Rand PLC
ICE,Intercontinental Exchange
IBM,International Business Machines
IP,International Paper
IPG,Interpublic Group
IFF,Intl Flavors & Fragrances
IVZ,Invesco Ltd.
IQV,IQVIA Holdings Inc.
IRM,Iron Mountain Incorporated
JBHT,J. B. Hunt Transport Services
JEC,Jacobs Engineering Group
SJM,JM Smucker
JNJ,Johnson & Johnson
JCI,Johnson Controls International
JPM,JPMorgan Chase & Co.
JNPR,Juniper Networks
KSU,Kansas City Southern
K,Kellogg Co.
KEY,KeyCorp
KMB,Kimberly-Clark
KIM,Kimco Realty
KMI,Kinder Morgan
KSS,Kohl's Corp.
KR,Kroger Co.
LB,L Brands Inc.
LLL,L-3 Communications Holdings
LH,Laboratory Corp. of America Holding
LEG,Leggett & Platt
LEN,Lennar Corp.
LUK,Leucadia National Corp.
LLY,Lilly (Eli) & Co.
LNC,Lincoln National
LKQ,LKQ Corporation
LMT,Lockheed Martin Corp.
L,Loews Corp.
LOW,Lowe's Cos.
LYB,LyondellBasell
MTB,M&T Bank Corp.
MAC,Macerich
M,Macy's Inc.
MRO,Marathon Oil Corp.
MPC,Marathon Petroleum
MMC,Marsh & McLennan
MLM,Martin Marietta Materials
MAS,Masco Corp.
MA,Mastercard Inc.
MAT,Mattel Inc.
MKC,McCormick & Co.
MCD,McDonald's Corp.
MCK,McKesson Corp.
MDT,Medtronic plc
MRK,Merck & Co.
MET,MetLife Inc.
MTD,Mettler Toledo
MGM,MGM Resorts International
KORS,Michael Kors Holdings
MAA,Mid-America Apartments
MHK,Mohawk Industries
TAP,Molson Coors Brewing Company
MON,Monsanto Co.
MNST,Monster Beverage
MCO,Moody's Corp
MS,Morgan Stanley
MSI,Motorola Solutions Inc.
MYL,Mylan N.V.
NDAQ,"Nasdaq, Inc."
NOV,National Oilwell Varco Inc.
NAVI,Navient
NTAP,NetApp
NWL,Newell Brands
NFX,Newfield Exploration Co
NEM,Newmont Mining Corporation
NWSA,News Corp. Class A
NWS,News Corp. Class B
NEE,NextEra Energy
NLSN,Nielsen Holdings
NKE,Nike
NI,NiSource Inc.
NBL,Noble Energy Inc
JWN,Nordstrom
NSC,Norfolk Southern Corp.
NTRS,Northern Trust Corp.
NOC,Northrop Grumman Corp.
NCLH,Norwegian Cruise Line
NRG,NRG Energy
NUE,Nucor Corp.
OXY,Occidental Petroleum
OMC,Omnicom Group
OKE,ONEOK
ORCL,Oracle Corp.
PKG,Packaging Corporation of America
PH,Parker-Hannifin
PDCO,Patterson Companies
PNR,Pentair Ltd.
PBCT,People's United Financial
PKI,PerkinElmer
PRGO,Perrigo
PFE,Pfizer Inc.
PCG,PG&E Corp.
PSX,Phillips 66
PNW,Pinnacle West Capital
PXD,Pioneer Natural Resources
PNC,PNC Financial Services
RL,Polo Ralph Lauren Corp.
PPG,PPG Industries
PPL,PPL Corp.
PX,Praxair Inc.
PM,Philip Morris International
PCLN,Priceline.com Inc
PFG,Principal Financial Group
PG,Procter & Gamble
PGR,Progressive Corp.
PLD,Prologis
PRU,Prudential Financial
PEG,Public Serv. Enterprise Inc.
PSA,Public Storage
PHM,Pulte Homes Inc.
PVH,PVH Corp.
QRVO,Qorvo
PWR,Quanta Services Inc.
DGX,Quest Diagnostics
RRC,Range Resources Corp.
RJF,Raymond James Financial Inc.
RTN,Raytheon Co.
O,Realty Income Corporation
RHT,Red Hat Inc.
REG,Regency Centers Corporation
RF,Regions Financial Corp.
RSG,Republic Services Inc
RMD,ResMed
RHI,Robert Half International
ROK,Rockwell Automation Inc.
COL,Rockwell Collins
ROP,Roper Technologies
RCL,Royal Caribbean Cruises Ltd
SPGI,"S&P Global, Inc."
CRM,Salesforce.com
SBAC,SBA Communications
SCG,SCANA Corp
SLB,Schlumberger Ltd.
SNI,Scripps Networks Interactive Inc.
STX,Seagate Technology
SEE,Sealed Air
SRE,Sempra Energy
SHW,Sherwin-Williams
SIG,Signet Jewelers
SPG,Simon Property Group Inc
SLG,SL Green Realty
SNA,Snap-On Inc.
SO,Southern Co.
LUV,Southwest Airlines
SWK,Stanley Black & Decker
STT,State Street Corp.
SRCL,Stericycle Inc
SYK,Stryker Corp.
STI,SunTrust Banks
SYMC,Symantec Corp.
SYF,Synchrony Financial
SYY,Sysco Corp.
TROW,T. Rowe Price Group
TPR,"Tapestry, Inc."
TGT,Target Corp.
TEL,TE Connectivity Ltd.
FTI,TechnipFMC
TXT,Textron Inc.
BK,The Bank of New York Mellon Corp.
CLX,The Clorox Company
COO,The Cooper Companies
HSY,The Hershey Company
MOS,The Mosaic Company
TRV,The Travelers Companies Inc.
DIS,The Walt Disney Company
TMO,Thermo Fisher Scientific
TIF,Tiffany & Co.
TWX,Time Warner Inc.
TJX,TJX Companies Inc.
TMK,Torchmark Corp.
TSS,Total System Services
TSCO,Tractor Supply Company
TDG,TransDigm Group
TRIP,TripAdvisor
TSN,Tyson Foods
USB,U.S. Bancorp
UDR,UDR Inc
ULTA,Ulta Salon Cosmetics & Fragrance Inc
UAA,Under Armour Class A
UA,Under Armour Class C
UNP,Union Pacific
UAL,United Continental Holdings
UNH,United Health Group Inc.
UPS,United Parcel Service
URI,"United Rentals, Inc."
UTX,United Technologies
UHS,"Universal Health Services, Inc."
UNM,Unum Group
VFC,V.F. Corp.
VLO,Valero Energy
VAR,Varian Medical Systems
VTR,Ventas Inc
VZ,Verizon Communications
VIAB,Viacom Inc.
V,Visa Inc.
VNO,Vornado Realty Trust
VMC,Vulcan Materials
WMT,Wal-Mart Stores
WM,Waste Management Inc.
WAT,Waters Corporation
WEC,Wec Energy Group Inc
WFC,Wells Fargo
HCN,Welltower Inc.
WDC,Western Digital
WU,Western Union Co
WRK,WestRock Company
WY,Weyerhaeuser Corp.
WHR,Whirlpool Corp.
WMB,Williams Cos.
WLTW,Willis Towers Watson
WYN,Wyndham Worldwide
WYNN,Wynn Resorts Ltd
XRX,Xerox Corp.
XL,XL Capital
XYL,Xylem Inc.
YUM,Yum! Brands Inc
ZBH,Zimmer Biomet Holdings
ZION,Zions Bancorp
ZTS,Zoetis
SPY,S&P 500
IWM,Russell 2000
QQQ,Nasdaq 100
DJI,Dow Jones
TSLA,Tesla
ETH,Ethereum
NAKD,Naked Brand Group Ltd.
